Actual,Predicted_Prob_Logistic Regression,Predicted_Prob_Decision Tree,Predicted_Prob_KNN,Predicted_Prob_Random Forest
constant/increased,0.005637853360202073,0.5,0.25,0.2547460317460317
decreased,0.9602612465134718,0.0,0.875,0.4018888888888889
constant/increased,0.0018451462483326832,0.5,0.5,0.2585555555555555
decreased,0.8039418714590223,0.0,0.75,0.2605555555555556
constant/increased,0.0013824126481890811,0.5,0.375,0.27488888888888885
decreased,0.8066088734725809,1.0,0.25,0.1891111111111111
constant/increased,0.0027254165831638215,0.5,0.0,0.2438571428571428
decreased,0.8023877312166695,0.5,0.0,0.2541111111111111
constant/increased,0.000561661868253207,0.25,0.0,0.21496825396825395
decreased,0.4573015507252462,0.0,0.125,0.2338888888888889
constant/increased,0.0037460231586527873,0.5,0.625,0.25055555555555553
decreased,0.7764640377435805,1.0,0.0,0.293968253968254
constant/increased,0.005125399878387162,0.5,0.25,0.26799999999999996
decreased,0.9807288656700784,0.0,0.125,0.4062222222222222
decreased,0.0006861787699817796,0.5,0.25,0.2237777777777778
decreased,0.4044396594318215,0.0,0.25,0.18111111111111114
constant/increased,0.0021720265541984034,0.5,0.0,0.22552380952380952
decreased,0.7977829100063176,0.0,0.125,0.2994444444444444
constant/increased,0.00014210391811059688,0.5,0.125,0.23220634920634922
decreased,0.5452510679881469,0.0,0.25,0.2886190476190476
constant/increased,0.0012854142463854911,0.1111111111111111,0.125,0.2807460317460318
decreased,0.18230805587648366,0.26666666666666666,0.25,0.2634444444444445
constant/increased,0.0011679369493295853,0.5,0.125,0.2772222222222222
decreased,0.6740679059989655,0.25,0.375,0.21888888888888886
constant/increased,0.0025686859398890358,0.5,0.125,0.2784126984126984
decreased,0.7457597271048149,0.0,0.0,0.2755555555555555
constant/increased,0.00232189264244981,0.25,0.0,0.21588888888888888
decreased,0.9097783368984979,0.5,0.375,0.27777777777777773
constant/increased,0.007942183081066975,0.5,0.0,0.25941269841269843
decreased,0.8987505963775289,0.0,0.0,0.3002222222222223
constant/increased,0.008161992234165603,0.5,0.125,0.24944444444444444
decreased,0.9210345138982268,0.5,0.0,0.2415555555555556
constant/increased,0.002742258598920217,0.1111111111111111,0.125,0.20888888888888887
decreased,0.7621299773936671,0.0,0.0,0.2833333333333333
constant/increased,0.005765503619123993,0.5,0.125,0.21996825396825395
decreased,0.8956400062792448,1.0,0.25,0.2783333333333333
constant/increased,0.0003051151933519891,0.5,0.125,0.1978888888888889
decreased,0.2780410534657287,1.0,0.625,0.2622222222222222
constant/increased,0.0006380452225198937,0.5,0.0,0.22
decreased,0.4326017729628985,0.0,0.125,0.295
constant/increased,0.00043816213243745296,0.5,0.0,0.2223015873015873
decreased,0.645286946159405,0.0,0.0,0.25
constant/increased,0.0007496209353897577,0.5,0.125,0.2421904761904762
decreased,0.4231443065095629,0.0,0.0,0.2277777777777778
constant/increased,1.9875448426217886e-05,0.25,0.5,0.27887301587301594
decreased,0.006730423983202886,0.25,0.375,0.21688888888888888
constant/increased,0.0007331708519586006,0.5,0.5,0.20333333333333337
decreased,0.50567712209558,1.0,0.625,0.28833333333333333
constant/increased,0.0025224092145066522,0.5,0.0,0.2565238095238095
decreased,0.6449464258791433,1.0,0.0,0.22311111111111112
constant/increased,0.0007680253342144594,0.5,0.375,0.19055555555555556
decreased,0.576632331918959,0.0,0.0,0.24044444444444443
constant/increased,0.0007033994172036986,0.5,0.125,0.25833333333333336
decreased,0.6599417109115108,1.0,0.0,0.2175555555555556
constant/increased,0.0009738134733196225,0.5,0.0,0.21385714285714286
decreased,0.6624728990561799,0.0,0.75,0.2561428571428571
constant/increased,0.0005356195096381962,0.5,0.0,0.22753968253968254
decreased,0.3028824182715391,0.0,0.0,0.22333333333333338
constant/increased,0.0003155415382466843,0.5,0.0,0.18365079365079365
decreased,0.25733232647380894,1.0,0.0,0.2261746031746032
constant/increased,0.00033794209001264733,0.5,0.0,0.19555555555555554
decreased,0.4051988354837917,0.5,0.0,0.24
constant/increased,0.002385239873170299,0.5,0.625,0.23788888888888893
decreased,0.7040200017937248,0.0,0.125,0.18722222222222223
constant/increased,0.0006128967276953465,0.5,0.0,0.20500000000000002
decreased,0.40756369478197746,0.0,0.75,0.2594444444444445
constant/increased,0.003544470002636414,0.5,0.0,0.27030158730158726
decreased,0.8634727876621281,0.875,0.25,0.26
decreased,0.02908624126069065,0.5,0.0,0.25888888888888884
decreased,0.9208086382476535,0.0,0.0,0.33055555555555555
constant/increased,0.008111698494526082,0.1111111111111111,0.0,0.21388888888888885
decreased,0.460941663826585,0.0,0.125,0.2753333333333333
constant/increased,0.0005430060359502225,0.0,0.125,0.25552380952380954
decreased,0.1506586497542812,0.0,0.0,0.2535555555555555
constant/increased,0.0001887327156361117,0.5,0.0,0.22830158730158728
decreased,0.6507295411193202,0.26666666666666666,0.0,0.18666666666666668
constant/increased,0.0018107443249119105,0.5,0.0,0.23085714285714284
decreased,0.7339333128367527,0.125,0.125,0.23044444444444448
constant/increased,0.09744245796730845,0.5454545454545454,0.625,0.2767777777777778
decreased,0.6263490378379808,1.0,0.375,0.345
constant/increased,0.004909466201890796,0.5,0.0,0.2795714285714286
decreased,0.6714681218379526,0.25,0.0,0.2605555555555556
constant/increased,0.00028624950512328275,0.5,0.25,0.23476190476190475
decreased,0.9992920380108913,0.0,0.625,0.3837777777777777
constant/increased,0.0016440830462893423,0.5,0.0,0.21730158730158736
decreased,0.630307451995536,0.0,0.0,0.2777777777777778
constant/increased,0.005673380292402139,0.0,0.0,0.26522222222222225
decreased,0.7903652191324563,0.0,0.25,0.34722222222222227
constant/increased,0.002370831150671317,0.5,0.125,0.2757460317460317
decreased,0.7823559992373669,1.0,0.875,0.2761111111111111
constant/increased,0.0031503234522232584,0.5,0.25,0.2871111111111111
decreased,0.7538691633599233,1.0,0.0,0.29000000000000004
constant/increased,4.425130128732095e-05,0.5,0.0,0.18555555555555558
decreased,0.23982500079039606,0.0,0.0,0.18733333333333332
constant/increased,0.001901466519210978,0.5,0.0,0.23766666666666666
decreased,0.6965756939357941,0.0,0.0,0.24666666666666667
decreased,0.01721840770385698,0.5,0.125,0.26552380952380955
decreased,0.8674272604197415,0.5,0.375,0.22899999999999995
decreased,0.003318716766955266,0.5,0.0,0.23566666666666664
decreased,0.7733204858975853,0.5,0.0,0.26333333333333336
constant/increased,0.00491020599065099,0.7857142857142857,0.0,0.27388888888888885
decreased,0.8369041769240979,0.25,0.0,0.22030158730158733
constant/increased,0.005203363165497504,0.5,0.0,0.23252380952380952
decreased,0.8052895712391465,0.0,0.0,0.22055555555555556
constant/increased,0.000644510482299455,0.25,0.0,0.2810793650793651
decreased,0.6067590374427996,1.0,0.0,0.27119047619047615
constant/increased,0.0014957294812059478,0.5,0.375,0.18974603174603175
decreased,0.6950209481550615,0.4444444444444444,0.25,0.2622222222222222
constant/increased,0.0002860135107529179,0.5,0.25,0.22741269841269834
decreased,0.8520435429041585,0.0,0.5,0.25022222222222223
constant/increased,0.016546869341599404,0.0,0.25,0.2561111111111111
decreased,0.9561570886563944,0.25,0.0,0.2552222222222222
constant/increased,0.00021231535924754212,0.1111111111111111,0.0,0.2818571428571428
decreased,0.6992695283334623,0.0,0.0,0.24277777777777776
constant/increased,0.005337978409743044,0.5,0.0,0.24911111111111106
decreased,0.8402365907007721,1.0,0.0,0.21333333333333335
constant/increased,0.00036471668375931605,0.5,0.0,0.2226666666666666
decreased,1.008919642246948e-07,0.1111111111111111,0.625,0.35766666666666663
constant/increased,0.003587557393555357,0.125,0.0,0.2506349206349206
decreased,0.5093309361637101,0.23076923076923078,0.0,0.21144444444444443
constant/increased,0.002045401510652016,0.5,0.0,0.25830158730158725
decreased,0.592971091582896,0.26666666666666666,0.25,0.2594444444444444
constant/increased,0.0023078542650256085,0.5,0.0,0.24611111111111106
decreased,0.4360589351685871,0.0,1.0,0.4074444444444445
constant/increased,0.0014025120647391247,0.5,0.0,0.22299999999999998
decreased,0.6099733608389367,0.0,0.625,0.1908888888888889
constant/increased,0.0014513573344713032,0.5,0.0,0.2655238095238095
decreased,0.6877445312713986,0.0,0.25,0.2947777777777778
constant/increased,0.0017279712319010789,0.125,0.0,0.2650793650793651
decreased,0.5709574195909145,0.25,0.0,0.26388888888888895
constant/increased,9.366286297233455e-07,0.0,0.0,0.2641111111111111
decreased,0.7132666941330805,0.0,0.875,0.31833333333333336
constant/increased,0.0005857415830703823,0.5,0.0,0.22253968253968254
decreased,0.30599800445093006,0.0,0.375,0.27785714285714286
constant/increased,0.00014886755357038353,0.25,0.0,0.25039682539682534
decreased,0.03886458264966719,0.0,0.0,0.2137777777777778
constant/increased,4.475184295725862e-05,0.5,0.0,0.2633333333333333
decreased,0.2006106997067667,0.0,0.375,0.21266666666666667
constant/increased,0.0029685674435567864,0.5,0.0,0.2661904761904762
decreased,0.6899045117447244,0.45454545454545453,0.0,0.28155555555555556
constant/increased,0.0004881288068877627,0.5,0.125,0.22219047619047616
decreased,0.7647016609598382,0.5,0.0,0.28388888888888886
constant/increased,0.0015610712821398315,0.5,0.125,0.2691111111111111
decreased,0.7572190440678305,1.0,0.25,0.25722222222222224
constant/increased,0.003469885616243691,0.5,0.0,0.2316349206349206
decreased,0.7075899416558106,0.0,0.25,0.21988888888888888
constant/increased,0.01936926366366776,0.5,0.0,0.25107936507936507
decreased,0.7469768950296509,0.0,0.0,0.22411111111111112
constant/increased,0.0006833258083564458,0.5,0.0,0.22496825396825396
decreased,0.39725279367566735,0.0,0.0,0.23111111111111116
constant/increased,0.001911964375459665,0.5,0.25,0.22744444444444445
decreased,0.6972289088886903,0.5,0.0,0.20966666666666664
constant/increased,0.0002778511846854262,0.7857142857142857,0.0,0.2904603174603175
decreased,0.8071156826896831,0.0,1.0,0.45399999999999996
constant/increased,0.0032542586436537834,0.5,0.125,0.2733333333333333
decreased,0.9883010870897798,1.0,0.875,0.35944444444444446
constant/increased,0.0026337643404581914,0.5,0.125,0.24919047619047613
decreased,0.8680868734954145,1.0,0.0,0.31077777777777776
constant/increased,0.00015831281279047514,0.5,0.0,0.24996825396825395
decreased,0.6532127886723924,0.0,0.125,0.2937777777777778
constant/increased,0.004647699866054521,0.5,0.5,0.2884126984126984
decreased,0.747825148993743,0.0,1.0,0.34888888888888886
constant/increased,0.002127863923034022,0.5,0.0,0.2408571428571428
decreased,0.6915635499472779,0.0,0.0,0.20500000000000002
constant/increased,0.0007523276144856544,0.5,0.25,0.22666666666666666
decreased,0.49617622090515334,1.0,0.5,0.24277777777777781
constant/increased,0.0014516351477591382,0.5,0.0,0.2527777777777777
decreased,0.5951736120586323,1.0,0.0,0.2711111111111111
constant/increased,0.006599027455244261,0.5,0.0,0.23522222222222222
decreased,0.8593559052149591,1.0,0.25,0.28
constant/increased,0.0007714280624293306,0.5,0.0,0.2824603174603174
decreased,0.6746271135312264,0.1111111111111111,0.625,0.3872222222222222
constant/increased,0.0076617808063976075,0.5,0.125,0.27688888888888885
decreased,0.9146392972541083,0.0,0.0,0.23933333333333331
decreased,0.003098302859210004,0.5,0.0,0.22163492063492063
decreased,0.5431881055330208,0.875,0.0,0.2633333333333333
constant/increased,0.0034810858563793365,0.5,0.125,0.2473015873015873
decreased,0.8069975808845993,1.0,0.0,0.2154444444444444
constant/increased,1.4571276545932147e-10,0.2727272727272727,0.0,0.28629629629629627
decreased,0.4612921863116031,0.0,1.0,0.3531111111111111
constant/increased,0.02196741729684793,0.5454545454545454,0.375,0.22088888888888894
decreased,0.9355941900594038,0.75,0.0,0.2812222222222222
constant/increased,0.0005084457063905475,0.5,0.0,0.23822222222222222
decreased,0.6887689938392266,0.0,0.25,0.24133333333333334
constant/increased,0.004278588011555559,0.5,0.625,0.25355555555555553
decreased,0.9103225469923821,0.125,0.375,0.3369444444444444
constant/increased,0.0006192752681606328,0.5,0.125,0.23877777777777776
decreased,0.9544330942810599,0.0,0.875,0.3761111111111111
decreased,0.02215705750501537,0.0,0.625,0.20763492063492062
decreased,0.009625924373675014,0.0,0.125,0.269
constant/increased,0.0004979324101098333,0.5,0.0,0.21885714285714286
decreased,0.6798039918381176,0.0,0.0,0.2034126984126984
constant/increased,0.00034551648479827057,0.5,0.0,0.24911111111111112
decreased,0.46133555507651486,1.0,0.125,0.2127777777777778
constant/increased,0.003342763877628405,0.5,0.0,0.2395238095238095
decreased,0.7816498592175033,0.0,0.25,0.23566666666666666
constant/increased,0.0017753132407418775,0.5,0.0,0.22677777777777777
decreased,0.7183302287254988,0.0,0.0,0.21455555555555558
constant/increased,0.00033883731190560354,0.5,0.0,0.2311111111111111
decreased,0.5628667279539731,0.0,0.0,0.17833333333333334
constant/increased,0.0031542103002803576,0.5,0.0,0.24196825396825394
decreased,0.7184587630744191,0.0,0.125,0.2658888888888889
constant/increased,0.000368649928702492,0.5,0.0,0.18941269841269845
decreased,0.34121536753536796,0.0,0.0,0.24577777777777782
constant/increased,0.34632094961078735,0.5,0.375,0.24533333333333332
decreased,0.008715282018973584,0.5,0.0,0.2310793650793651
decreased,0.5993062551205154,0.0,0.0,0.2905555555555555
decreased,0.00019656688701795476,0.5,0.0,0.26830158730158726
decreased,0.3045162434347168,0.25,0.0,0.26777777777777784
constant/increased,0.00040464755591037514,0.5,0.0,0.28285714285714286
decreased,0.8220299459358553,0.0,0.0,0.2438888888888889
constant/increased,4.312868336573373e-06,0.5,0.0,0.2134285714285714
decreased,0.3192403777670572,0.7777777777777778,0.125,0.23777777777777775
decreased,0.0020976268629360013,0.5,0.0,0.20007936507936508
decreased,0.5762707376224375,1.0,0.0,0.23388888888888887
constant/increased,0.005556171535624944,0.125,0.25,0.23841269841269838
decreased,0.8399137481801007,0.0,0.375,0.3088888888888888
constant/increased,6.975851593035576e-05,0.5,0.0,0.25299999999999995
decreased,0.1026946710303052,0.0,0.0,0.10911111111111112
constant/increased,0.0014705947022633952,0.5,0.25,0.24044444444444443
decreased,0.6511230795935641,1.0,0.5,0.20722222222222222
constant/increased,0.0018843546612981488,0.5,0.0,0.24277777777777776
decreased,0.5165881075094862,0.0,0.0,0.33044444444444443
constant/increased,0.0031223004140473855,0.5,0.625,0.2345238095238095
decreased,0.809479496234792,0.0,1.0,0.31188888888888894
constant/increased,0.0048596892990463835,0.5,0.5,0.24507936507936506
decreased,0.8394314422047786,0.0,0.0,0.2838888888888889
constant/increased,0.002523986675629132,0.5,0.5,0.2765714285714286
decreased,0.7398601683508872,0.0,0.25,0.28944444444444445
constant/increased,0.003975589874494112,0.5,0.125,0.2541904761904762
decreased,0.8484367809037509,1.0,0.125,0.2876666666666667
constant/increased,0.0026841808628130645,0.5,0.25,0.25396825396825395
decreased,0.7492722949711987,1.0,0.75,0.2677777777777778
constant/increased,0.003113899201750003,0.5,0.0,0.26722222222222225
decreased,0.56515964364889,1.0,0.0,0.2511111111111111
constant/increased,0.0013003458328121951,0.5,0.125,0.23355555555555554
decreased,0.7476557019601198,1.0,0.25,0.24677777777777776
constant/increased,3.041471296191982e-17,0.0,0.375,0.2974444444444445
decreased,0.8933564188850539,0.0,0.5,0.2505555555555556
constant/increased,0.0005866610936607838,0.5,0.0,0.21777777777777776
decreased,0.4901350913090038,0.0,0.25,0.23833333333333334
constant/increased,0.000811385079487705,0.5,0.0,0.22174603174603172
decreased,0.999929017381212,0.0,0.75,0.3688888888888888
constant/increased,0.001374966646902531,0.5,0.0,0.250079365079365
decreased,0.5710768607732793,0.0,0.0,0.23722222222222225
constant/increased,0.002010066631745666,0.5,0.375,0.29974603174603176
decreased,0.7644737892167093,1.0,0.25,0.33666666666666667
constant/increased,0.006841986434777788,0.5,0.0,0.23174603174603173
decreased,0.8313233688114724,1.0,0.75,0.29400000000000004
decreased,0.04154013488504014,0.5,0.25,0.2782063492063492
decreased,0.5795421248606589,0.875,0.0,0.31355555555555553
constant/increased,0.002139675490124236,0.5,0.0,0.23412698412698413
decreased,0.383513362021209,0.0,0.0,0.2733333333333334
constant/increased,0.00043062157853889464,0.5,0.0,0.24452380952380953
decreased,0.8278619932956046,0.0,0.0,0.24255555555555555
constant/increased,0.0005316639871658828,0.5,0.0,0.25885714285714284
decreased,0.4678897555945963,0.26666666666666666,1.0,0.28144444444444444
constant/increased,0.0004101186330587558,0.5,0.0,0.27952380952380956
decreased,0.6485573838810299,0.0,0.0,0.20444444444444443
constant/increased,0.00021803891961285742,0.5,0.0,0.24796825396825398
decreased,0.6763306264824542,0.26666666666666666,0.0,0.21722222222222218
constant/increased,0.0007847449094306765,0.5,0.0,0.21730158730158736
decreased,0.6574018643305547,0.0,0.625,0.21
constant/increased,3.6038337980412955e-06,0.25,0.0,0.26111111111111107
decreased,0.007044361531440248,0.0,0.0,0.33555555555555555
constant/increased,0.003911853130031098,0.5,0.125,0.24619047619047615
decreased,0.8181231136438561,0.0,0.0,0.25222222222222224
constant/increased,0.003312837771246058,0.5,0.0,0.2373015873015873
decreased,0.9140709904803662,0.0,0.0,0.3095555555555556
constant/increased,0.004130729181407275,0.5,0.125,0.20633333333333334
decreased,0.831521660193729,0.0,0.0,0.24611111111111109
constant/increased,0.0005794092330092522,0.1111111111111111,0.25,0.15877777777777777
decreased,0.3045722221437618,0.125,0.75,0.22444444444444442
constant/increased,0.00010529314473937165,0.5,0.0,0.23441269841269838
decreased,0.6952388028787935,0.0,0.0,0.21844444444444444
constant/increased,0.002254416755549887,0.5,0.0,0.2305555555555555
decreased,0.6135739551182938,0.0,0.0,0.22144444444444444
constant/increased,0.00030577325212449626,0.5,0.0,0.21730158730158736
decreased,0.22962438206512847,0.0,0.0,0.2213333333333333
constant/increased,0.0007887735175505975,0.5,0.0,0.22
decreased,0.6329844656444925,0.1111111111111111,0.0,0.24055555555555552
constant/increased,0.0007352465268738514,0.5,0.0,0.22996825396825396
decreased,0.7644435807018927,1.0,0.0,0.20777777777777778
constant/increased,0.0003605217999462279,0.5,0.0,0.23174603174603173
decreased,0.39399166210611003,1.0,0.0,0.24111111111111108
constant/increased,0.01665406794849081,0.0,0.75,0.33144444444444443
decreased,0.7270507540285676,0.1,0.25,0.3081111111111111
constant/increased,0.0008700815938562725,0.5,0.125,0.2633333333333333
decreased,0.6888050009364034,0.0,0.125,0.18944444444444447
constant/increased,0.004947605420971583,0.1111111111111111,0.25,0.2888888888888889
decreased,0.8957652414741136,0.5,0.0,0.2515555555555556
constant/increased,0.002276531087393481,0.5,0.0,0.2525238095238095
decreased,0.8975903384701353,0.5555555555555556,0.0,0.3025555555555556
constant/increased,0.004529153852634209,0.0,0.5,0.2593333333333333
decreased,0.0889009809037055,0.0,0.25,0.24777777777777782
constant/increased,0.0009795013144686668,0.5,0.5,0.2141111111111111
decreased,0.6303433123123923,0.0,0.625,0.28944444444444445
decreased,0.009224068363152737,0.0,0.0,0.2336349206349206
decreased,0.9001775741781255,0.0,0.75,0.2588888888888889
constant/increased,0.001591390460635831,0.5,0.0,0.2832222222222222
decreased,0.6655407284652914,0.0,0.25,0.20833333333333334
constant/increased,0.0025957719038574145,0.5,0.25,0.27574603174603174
decreased,0.7278913097312174,0.0,0.0,0.2398888888888889
constant/increased,0.002903741400084297,0.5,0.25,0.2433333333333333
decreased,0.6310372098046171,0.4444444444444444,0.75,0.2353333333333333
constant/increased,0.009062204702925751,0.5,0.125,0.29641269841269846
decreased,0.7595026703776345,0.0,0.875,0.3005555555555555
constant/increased,0.0016445708396105744,0.5,0.0,0.23119047619047617
decreased,0.615990485134845,0.0,0.0,0.16666666666666666
constant/increased,0.003996928016908711,0.5,0.125,0.24466666666666664
decreased,0.8140951281937543,0.23076923076923078,0.0,0.21944444444444444
constant/increased,0.0015249206228307307,0.5,0.0,0.22119047619047622
decreased,0.6627759335831955,0.125,0.125,0.2603333333333333
constant/increased,0.004230818773566049,0.5,0.0,0.253079365079365
decreased,0.8029093911734573,0.0,0.0,0.2105555555555556
constant/increased,0.0035631580281635256,0.5,0.0,0.25007936507936507
decreased,0.7596352406707175,0.25,0.0,0.21333333333333335
constant/increased,0.001173375431289245,0.5,0.0,0.2721111111111111
decreased,0.5424131941505704,0.1,0.75,0.25588888888888894
constant/increased,0.0002415861419659944,0.25,0.0,0.2162222222222222
decreased,0.7871725127109996,0.0,0.0,0.3115555555555556
constant/increased,2.5619178347869333e-09,0.7777777777777778,0.0,0.26033333333333336
decreased,0.2678023548439889,0.1111111111111111,0.0,0.36666666666666664
constant/increased,0.002237985880209389,0.5,0.25,0.2118888888888889
decreased,0.6385753732376914,1.0,0.0,0.2288888888888889
constant/increased,0.0010571408598071803,0.5,0.0,0.2161269841269841
decreased,0.9187851472836761,0.875,0.375,0.2702222222222222
constant/increased,0.007213676383654002,0.5,0.125,0.23452380952380955
decreased,0.9829915472632641,0.0,1.0,0.5012857142857143
constant/increased,0.0016393542022035388,0.5,0.0,0.2571111111111111
decreased,0.5742322098825232,0.0,0.875,0.2948888888888889
constant/increased,0.00042856819426655775,0.0,0.0,0.24952380952380954
decreased,0.15039838498166874,0.0,0.0,0.23323809523809524
constant/increased,0.001355577515361565,0.5,0.0,0.2607460317460317
decreased,0.5763884197658162,0.0,0.0,0.22522222222222227
constant/increased,0.0008090674079418778,0.5,0.0,0.24266666666666661
decreased,0.3480956809107221,0.2727272727272727,0.0,0.21533333333333332
constant/increased,0.0067759737789495275,0.5,0.375,0.25577777777777777
decreased,0.8250354788676443,0.0,0.125,0.21933333333333332
constant/increased,0.00019547358832693227,0.5,0.0,0.24419047619047618
decreased,0.4863138854177202,0.0,0.125,0.26769841269841266
constant/increased,0.001340798767847592,0.0,0.0,0.31455555555555553
decreased,0.33413535828795016,1.0,0.125,0.34855555555555556
constant/increased,0.0015452377435710319,0.5,0.125,0.2389682539682539
decreased,0.653253355621351,0.0,0.125,0.19833333333333333
constant/increased,0.0025183494711614597,0.5,0.125,0.2402222222222222
decreased,0.7943709540930688,0.0,0.0,0.22333333333333333
constant/increased,0.00032680847277150705,0.5,0.375,0.2510793650793651
decreased,0.8824573435446521,0.0,0.0,0.25866666666666666
constant/increased,0.0013810517908207462,0.5,0.25,0.22744444444444445
decreased,0.5959286854038375,0.1,0.375,0.2390634920634921
constant/increased,0.002808450015568219,0.5,0.0,0.21230158730158732
decreased,0.8477818109812048,0.0,0.0,0.29444444444444445
constant/increased,0.0018664425821341372,0.5,0.125,0.23685714285714282
decreased,0.641155050420687,0.5,0.25,0.2311111111111111
constant/increased,0.0009887240981646531,0.5,0.0,0.23299999999999993
decreased,0.262274660515455,0.13333333333333333,0.125,0.22633333333333336
constant/increased,0.9999999947979494,0.0,0.125,0.3612222222222222
decreased,1.0,0.2727272727272727,0.625,0.3238888888888889
constant/increased,0.0014155019242205857,0.5,0.0,0.2525238095238095
decreased,0.5648604675592638,0.0,0.125,0.2261111111111111
constant/increased,0.008948988237592345,0.5,0.0,0.27741269841269833
decreased,0.820275523802933,0.26666666666666666,0.5,0.2577777777777778
constant/increased,0.0006120494940306397,0.5,0.25,0.23288888888888887
decreased,0.4264068223867805,1.0,0.125,0.1911111111111111
constant/increased,0.0008421994590780362,0.5,0.0,0.1935238095238095
decreased,0.49793714775358505,0.26666666666666666,0.0,0.2335555555555556
decreased,0.007719392703139472,0.0,0.75,0.3116349206349206
decreased,0.8973484016040139,0.15384615384615385,0.5,0.29488888888888887
decreased,0.000481127423885884,0.5,0.0,0.23674603174603173
decreased,0.5193145463969497,0.5,0.0,0.18999999999999997
constant/increased,0.005997672576684893,0.5,0.0,0.2894285714285715
decreased,0.9283181098829041,0.125,0.5,0.35755555555555557
constant/increased,0.009950610309928368,0.5,0.125,0.2591111111111112
decreased,0.9364573645362491,0.0,0.0,0.3737777777777777
constant/increased,0.0032715386148864404,0.5,0.0,0.22633333333333336
decreased,0.8169647047539308,0.0,0.0,0.26722222222222225
constant/increased,0.00012289963725945114,0.5,0.0,0.2295238095238095
decreased,0.33900182859378564,0.0,0.125,0.23866666666666664
constant/increased,0.9999995035366167,0.125,1.0,0.29888888888888887
decreased,0.8485182829417829,0.0,0.0,0.30733333333333335
constant/increased,0.005955336611659791,0.5,0.0,0.24130158730158727
decreased,0.7868338520820773,0.25,0.375,0.31811111111111107
constant/increased,0.0006315399249581245,0.5,0.125,0.18944444444444442
decreased,0.3819013160417892,0.2727272727272727,0.0,0.17855555555555558
constant/increased,0.0009502830539869228,0.5,0.0,0.21555555555555553
decreased,0.498722567470138,0.0,0.0,0.25455555555555553
constant/increased,8.076564621631542e-05,0.5,0.0,0.22222222222222218
decreased,0.2269594315334141,0.0,0.0,0.28355555555555556
constant/increased,0.0013560227228249862,0.0,0.0,0.2311904761904762
decreased,0.3087442101508329,0.0,0.125,0.2101111111111111
constant/increased,0.002603169973904857,0.5,0.0,0.23552380952380952
decreased,0.7233838448927175,0.5,0.0,0.23099999999999998
constant/increased,0.003671931294420327,0.5,0.5,0.23655555555555552
decreased,0.8333334056474854,0.0,0.125,0.21555555555555553
constant/increased,6.250334783740194e-05,0.5,0.25,0.21933333333333332
decreased,0.06157037761507644,0.6,0.0,0.2918888888888888
constant/increased,0.0014941329362736064,0.5,0.375,0.3057936507936508
decreased,0.3428267284492399,0.5,0.375,0.23822222222222222
constant/increased,0.005595701665144587,0.5,0.0,0.2525238095238095
decreased,0.9024423132128065,1.0,0.0,0.3055555555555555
constant/increased,0.0034658991201617856,0.5,0.0,0.252
decreased,0.813377693954178,0.0,0.125,0.28744444444444445
constant/increased,0.0008820784758195273,0.5,0.375,0.21944444444444447
decreased,0.9999999989185173,1.0,1.0,0.4216666666666667
constant/increased,0.002440660249681832,0.5,0.0,0.26074603174603167
decreased,0.7537554289960124,1.0,0.0,0.2916666666666667
constant/increased,0.27802150131025777,0.5,1.0,0.2607777777777777
decreased,0.3537583148613753,0.0,0.0,0.3042222222222222
constant/increased,0.01034904036291125,0.5,0.0,0.27585714285714286
decreased,0.8980996801217949,0.26666666666666666,0.0,0.36111111111111116
constant/increased,0.0001864231507517516,0.5,0.0,0.23385714285714282
decreased,0.1966016050238687,1.0,0.0,0.28844444444444445
constant/increased,0.009700671706389826,0.5,0.125,0.29085714285714287
decreased,0.8736066571192939,1.0,0.125,0.3166666666666666
constant/increased,0.0016548121222838854,0.5,0.125,0.24055555555555558
decreased,0.6347240623377716,0.125,0.0,0.24666666666666667
constant/increased,0.002180853410262397,0.5,0.0,0.22063492063492063
decreased,0.7366074548218845,0.0,0.0,0.23166666666666672
constant/increased,0.0004692006724234345,0.5,0.125,0.22074603174603175
decreased,0.6484751678485563,0.0,0.0,0.2398888888888889
constant/increased,0.00013250954657900244,0.5,0.0,0.21496825396825395
decreased,0.2130808591149634,0.0,0.0,0.19599999999999998
constant/increased,0.18717870495103556,0.75,0.5,0.31836507936507935
constant/increased,0.0017155010464495306,0.5,0.25,0.21722222222222223
decreased,0.5880204082480492,0.125,0.0,0.3012222222222222
constant/increased,0.0014153900768723528,0.5,0.0,0.23355555555555554
decreased,0.7063700408185918,0.0,0.875,0.2603333333333333
constant/increased,0.0008713031917319035,0.5,0.0,0.2556349206349206
decreased,0.5635808588831173,0.5,0.375,0.29466666666666663
constant/increased,0.0028859689357648593,0.5,0.125,0.23807936507936503
decreased,0.7891896702728709,0.0,0.25,0.2026666666666667
constant/increased,4.9105492405849044e-05,0.5,0.0,0.2966666666666667
decreased,0.397355002335048,0.0,0.0,0.23388888888888887
constant/increased,0.0009424930347177575,0.5,0.0,0.23766666666666666
decreased,0.5092134863905795,0.0,0.75,0.2731111111111111
constant/increased,0.0014659569823077955,0.5,0.0,0.22185714285714284
decreased,0.5779816471267516,0.26666666666666666,0.0,0.31
decreased,0.08585903068635384,0.5,0.75,0.30996825396825395
decreased,0.7020410416354984,0.2727272727272727,0.0,0.2866666666666667
constant/increased,0.0005583299184815903,0.5,0.0,0.2726666666666666
decreased,0.05284881149276102,0.0,0.25,0.19833333333333333
constant/increased,0.00013046373452337137,0.5,0.0,0.20409523809523808
decreased,0.44846015322476274,0.0,0.125,0.19799999999999998
constant/increased,0.0018546692953147678,0.5,0.0,0.2972063492063492
decreased,0.26212304719267643,0.0,0.0,0.27555555555555555
decreased,8.35441291697679e-06,0.5,0.0,0.19174603174603175
decreased,0.07988218197758834,0.0,0.0,0.15877777777777774
constant/increased,0.0006816849278903581,0.5,0.0,0.24166666666666667
decreased,0.48228431559664003,0.0,0.25,0.24833333333333332
constant/increased,0.0010669250300844922,0.5,0.125,0.22885714285714287
decreased,0.5287950406753094,1.0,0.125,0.24188888888888882
constant/increased,0.00029399533721613335,0.5,0.0,0.22896825396825393
decreased,0.37863937891723376,0.0,0.625,0.3424444444444444
constant/increased,0.0018156123978545075,0.5,0.0,0.22774603174603178
decreased,0.6663433796386111,0.0,0.0,0.28777777777777774
constant/increased,1.958866184184227e-05,0.5,0.0,0.2161111111111111
decreased,0.054397320385622006,1.0,0.0,0.18873015873015875
constant/increased,0.0026268572151420355,0.5,0.125,0.25799999999999995
decreased,0.6991816857151797,1.0,0.25,0.25777777777777783
constant/increased,0.0008882098770176103,0.5,0.0,0.2281904761904762
decreased,0.36347441515391343,0.5,0.0,0.25719047619047614
constant/increased,0.005555224671191872,0.0,0.5,0.29555555555555557
decreased,0.23237644656424775,0.3076923076923077,0.0,0.197
constant/increased,0.0017017833022385613,0.5,0.125,0.2813015873015872
decreased,0.7616197042355697,1.0,0.375,0.24
constant/increased,0.002215270053369913,0.5,0.0,0.24052380952380947
decreased,0.8245765473379759,0.0,0.625,0.30099999999999993
constant/increased,0.0003827662924132472,0.5,0.0,0.26
decreased,0.26486806798952717,0.13333333333333333,0.5,0.24244444444444443
decreased,0.0014078276078968673,0.5,0.0,0.25333333333333335
constant/increased,0.00041627211128502674,0.5,0.0,0.20455555555555555
decreased,0.361128717876877,0.0,0.0,0.2152222222222222
constant/increased,0.00024296702716501955,0.5,0.0,0.2312222222222222
decreased,0.9334731729475525,1.0,1.0,0.408
constant/increased,8.658002139951915e-05,0.5,0.0,0.22988888888888884
decreased,0.23957070916499265,0.0,0.0,0.21611111111111114
constant/increased,6.526843696620616e-05,0.25,0.0,0.22430158730158728
decreased,0.13143164036416966,0.0,0.0,0.26033333333333336
constant/increased,0.006503449711391309,0.5,0.125,0.26363492063492067
decreased,0.7953058810479091,0.0,0.25,0.36800000000000005
constant/increased,0.003421809613743193,0.5,0.0,0.24030158730158727
decreased,0.7639290438616697,0.0,0.25,0.24833333333333332
constant/increased,2.554930180849307e-05,0.0,0.25,0.2893333333333334
decreased,0.5792437285397748,0.0,0.0,0.26099999999999995
constant/increased,6.686749818302783e-05,0.5,0.0,0.21996825396825395
decreased,0.4112193480047359,0.0,0.125,0.2648888888888889
constant/increased,0.9998495119131857,0.75,0.75,0.43477777777777776
decreased,0.9864907549456943,0.0,0.0,0.3007142857142857
constant/increased,0.0013286136167079288,0.5,0.0,0.19166666666666668
decreased,0.7444832358142519,0.0,0.625,0.3361111111111111
constant/increased,0.0017687010580518343,0.0,0.375,0.3545555555555555
decreased,0.23030835580013131,0.1111111111111111,0.0,0.24966666666666668
constant/increased,7.166031545883766e-06,0.5,0.0,0.24774603174603177
decreased,0.07682504894673918,0.0,0.0,0.29711111111111116
constant/increased,0.0004419401679342639,0.5,0.125,0.24899999999999997
decreased,0.46485240999879907,0.5,0.0,0.28444444444444444
constant/increased,0.001993162436052458,0.5,0.375,0.23496825396825397
decreased,0.7141875490644014,0.0,0.0,0.27666666666666667
decreased,0.49921746997881994,1.0,0.625,0.2970555555555555
decreased,0.8828974088258665,0.0,0.875,0.39999999999999997
constant/increased,0.0017461219667532684,0.5,0.125,0.20933333333333334
decreased,0.7844018467740106,0.5,0.0,0.2554444444444444
constant/increased,0.0018897994754639134,0.5,0.125,0.20666666666666667
decreased,0.7827651533697032,0.5,0.0,0.2554444444444444
constant/increased,0.0004482393157331439,0.5,0.0,0.27385714285714285
decreased,0.35015940607898327,0.0,0.25,0.20377777777777775
constant/increased,0.0008320425868124079,0.5,0.125,0.22911111111111113
decreased,0.5620587220786849,0.0,0.0,0.2307936507936508
constant/increased,0.0032576615350288197,0.5,0.0,0.2504444444444444
decreased,0.7768162354781843,0.7777777777777778,0.5,0.31377777777777777
constant/increased,0.00044916199372897053,0.5,0.125,0.21933333333333332
decreased,0.4374856595916706,1.0,0.75,0.2887777777777778
constant/increased,0.000398169636004413,0.5,0.0,0.23285714285714282
decreased,0.6042881956331729,0.0,0.0,0.16444444444444445
constant/increased,0.001405784629836085,0.5,0.0,0.21366666666666664
decreased,0.5738526260513115,0.0,0.0,0.19166666666666668
constant/increased,0.0009084531598789679,0.5,0.0,0.24419047619047618
decreased,0.49127584926552603,0.0,0.0,0.1595238095238095
constant/increased,0.002620049257355935,0.1111111111111111,0.5,0.288968253968254
decreased,0.9979676425763964,0.0,0.5,0.25
constant/increased,0.00010901065051451307,0.5,0.0,0.2823015873015873
decreased,0.43166174110381206,0.0,0.375,0.3738888888888889
constant/increased,0.00011825909340373113,0.5454545454545454,0.0,0.29322222222222216
decreased,0.03363275359890763,0.0,0.375,0.21611111111111114
constant/increased,0.0004690114513573911,0.5,0.0,0.23841269841269835
decreased,0.5873266446503724,1.0,0.0,0.2587777777777778
constant/increased,0.0008367169005574523,0.5,0.25,0.2367460317460318
decreased,0.49313056415268547,0.875,0.125,0.32311111111111107
constant/increased,4.21207489643076e-05,0.0,0.0,0.22322222222222224
decreased,0.06867352215241108,0.0,0.0,0.2422222222222222
constant/increased,0.0023650126200031,0.5,0.0,0.2600793650793651
decreased,0.757724719099924,0.0,0.0,0.21777777777777782
constant/increased,0.00690031046702885,0.5,0.0,0.25452380952380954
decreased,0.7783759748256712,1.0,0.0,0.28611111111111115
constant/increased,0.0013465548479975218,0.5,0.75,0.198968253968254
decreased,0.44797102329867,0.25,0.125,0.3691111111111111
constant/increased,0.0041507976711326645,0.5,0.0,0.2385238095238095
decreased,0.8029885084052834,0.0,0.0,0.18133333333333335
constant/increased,0.0023494061143671556,0.5,0.0,0.2599682539682539
decreased,0.6860617527619255,0.26666666666666666,0.125,0.245
decreased,0.011929268354583423,0.5454545454545454,0.75,0.2558888888888889
decreased,0.9997112291226937,0.0,1.0,0.5057777777777779
constant/increased,0.0010219887620195364,0.5,0.0,0.23296825396825394
decreased,0.6144856225206963,0.4444444444444444,0.375,0.2277777777777778
constant/increased,0.0006025164311765391,0.5,0.0,0.2174126984126984
decreased,0.28810511751556656,0.0,0.0,0.19577777777777775
decreased,0.14479442417104854,0.25,0.125,0.22888888888888886
constant/increased,0.0013007198709409243,0.5,0.125,0.2652222222222222
decreased,0.675135443008406,0.7777777777777778,0.125,0.25722222222222224
constant/increased,0.003093051340672602,0.5,0.0,0.2423015873015873
decreased,0.7814366552047116,0.0,0.0,0.21666666666666667
constant/increased,0.0012249301090450277,0.5,0.125,0.22177777777777777
decreased,0.9307380556193735,0.0,0.875,0.37305555555555553
constant/increased,0.4794700854035421,0.125,1.0,0.29866666666666664
constant/increased,0.0021688692537347345,0.5,0.0,0.25385714285714284
decreased,0.8300247230539284,1.0,0.0,0.2677777777777778
constant/increased,0.0020527066102091623,0.5,0.0,0.26855555555555555
decreased,0.6026145477415943,0.0,0.0,0.28355555555555556
constant/increased,0.001967682313571261,0.5,0.0,0.2411904761904762
decreased,0.8866308538654725,0.1,0.125,0.2695555555555556
constant/increased,1.0,0.1111111111111111,0.0,0.3022222222222222
decreased,0.4279468472034724,0.26666666666666666,0.125,0.26744444444444443
constant/increased,0.0004121416520979499,0.5,0.0,0.2083015873015873
decreased,0.4004349633912803,0.0,0.0,0.22077777777777777
constant/increased,0.0025217608577873265,0.5,0.125,0.26196825396825396
decreased,0.7375029224033037,1.0,0.25,0.2826666666666666
constant/increased,0.0028281404047994277,0.5,0.125,0.19255555555555556
decreased,0.8271625359460373,0.0,0.25,0.27688888888888885
constant/increased,9.120121618142371e-05,0.25,0.0,0.23933333333333331
decreased,0.7213873077287768,0.0,0.0,0.2966666666666667
constant/increased,0.00213192077146886,0.5,0.125,0.23074603174603173
decreased,0.6995422077503055,0.0,0.0,0.21577777777777774
constant/increased,1.0,0.5,1.0,0.30266666666666664
constant/increased,9.44698943891122e-158,0.0,0.125,0.33155555555555555
constant/increased,8.41738295633905e-06,0.5,0.0,0.21163492063492065
decreased,0.2703801381878561,0.0,0.0,0.15944444444444444
constant/increased,0.00032239147114579745,0.5,0.0,0.2523492063492064
decreased,0.07163131743874993,0.13333333333333333,0.125,0.23720634920634923
constant/increased,0.002462470311794371,0.5,0.0,0.24330158730158724
decreased,0.6210668718041544,0.0,0.375,0.315
decreased,0.0010993585617953708,0.5,0.0,0.29963492063492064
decreased,0.2670125471530142,0.26666666666666666,0.5,0.22666666666666666
constant/increased,3.429572338082774e-05,0.0,0.0,0.20666666666666667
decreased,1.452213202548459e-07,0.1111111111111111,0.375,0.3954444444444444
decreased,0.0009409601985949307,0.5,0.125,0.20411111111111113
decreased,0.4123212992636142,0.0,0.125,0.19455555555555556
constant/increased,0.000597838848531533,0.5,0.0,0.2326666666666666
decreased,0.4850174342627961,0.23076923076923078,0.0,0.26222222222222225
constant/increased,0.0008030351446596374,0.5,0.0,0.23519047619047617
decreased,0.49703859943737366,0.0,0.0,0.251
constant/increased,0.0029676885061851927,0.5,0.0,0.1968888888888889
decreased,0.8111297960978817,0.0,0.0,0.32666666666666666
decreased,2.3181459785766525e-05,0.0,0.0,0.25855555555555554
decreased,0.9999262601927071,0.0,0.5,0.2916507936507937
constant/increased,0.002416168267089478,0.5,0.125,0.24096825396825394
decreased,0.7371255507172004,0.0,0.0,0.22322222222222224
constant/increased,0.000543423093598045,0.5,0.0,0.23607936507936506
decreased,0.25312236646583486,0.0,0.375,0.22666666666666663
constant/increased,0.04586751061527271,0.5,0.0,0.27344444444444443
decreased,0.5584499708123015,0.0,0.0,0.21366666666666664
constant/increased,0.0038679291900432008,0.5,0.0,0.23777777777777775
decreased,0.8918069163971053,0.0,0.25,0.266
constant/increased,0.000833322548597481,0.5,0.0,0.2422222222222222
decreased,0.5226526694204281,0.26666666666666666,0.25,0.28388888888888886
constant/increased,0.0002016409801183731,0.5,0.125,0.2757777777777778
decreased,0.2738024571149074,0.0,0.0,0.21966666666666665
constant/increased,0.0011390529057859204,0.5,0.125,0.22330158730158725
decreased,0.6722800323603721,0.0,0.5,0.3622222222222222
constant/increased,0.000979023151378925,0.5,0.0,0.1861111111111111
decreased,0.30874741908875664,0.0,0.0,0.26333333333333336
constant/increased,0.0010873474409713298,0.5,0.125,0.18952380952380954
decreased,0.5949408979730412,1.0,0.0,0.278
constant/increased,0.00038884016812533055,0.5,0.125,0.19777777777777777
decreased,0.3165673777078005,0.0,0.0,0.2438888888888889
constant/increased,0.00025553285093229245,0.5,0.0,0.2537460317460317
decreased,0.30361696327482257,0.4444444444444444,0.375,0.2793333333333334
constant/increased,0.0010890547977010995,0.0,0.0,0.2387777777777778
decreased,0.48903636983325816,0.125,0.0,0.20211111111111107
constant/increased,4.9400946122548546e-05,0.5,0.0,0.25007936507936507
decreased,0.45855596776751995,0.0,0.0,0.20277777777777778
constant/increased,2.0934672456831016e-05,0.5,0.0,0.23996825396825397
decreased,0.15868565345019822,0.26666666666666666,0.0,0.20833333333333337
constant/increased,0.001957293853443679,0.5,0.125,0.24944444444444444
decreased,0.5414638212498074,1.0,0.125,0.24388888888888885
constant/increased,0.0014658869792078977,0.5,0.0,0.24744444444444444
decreased,0.8236182553497542,0.0,0.75,0.3583333333333333
constant/increased,0.003722197307773737,0.5,0.125,0.2295238095238095
decreased,0.47902681779407036,0.0,0.0,0.23666666666666666
constant/increased,0.0006781851455509417,0.5,0.0,0.21452380952380953
decreased,0.567374114357756,1.0,0.25,0.22966666666666669
constant/increased,0.0007413623519488495,0.5,0.0,0.24541269841269842
decreased,1.0,0.4444444444444444,0.25,0.3382222222222222
constant/increased,0.0003568173083528233,0.5,0.0,0.23274603174603173
decreased,0.4754486140053659,0.0,0.0,0.2608888888888889
constant/increased,0.0029263530429270304,0.5,0.0,0.27174603174603174
decreased,0.8432612833439992,0.2727272727272727,0.125,0.3238888888888889
constant/increased,0.0011998925209032241,0.5,0.0,0.24485714285714286
decreased,0.5781689537755266,0.0,0.0,0.2446666666666667
constant/increased,0.002719686632110787,0.5,0.0,0.23885714285714282
decreased,0.8169969393485904,0.0,0.25,0.3033333333333333
decreased,0.8533371712817852,0.0,1.0,0.3620158730158731
constant/increased,0.009231964838605066,0.0,0.625,0.28774603174603175
decreased,0.9663218960926508,0.9,0.875,0.2794444444444445
constant/increased,0.0009435550283773312,0.5,0.0,0.24796825396825398
decreased,0.5770177314618843,1.0,0.0,0.24322222222222223
constant/increased,0.0003441832857404023,0.1111111111111111,0.125,0.2994444444444444
decreased,0.47693828338356564,0.25,0.375,0.31911111111111107
constant/increased,0.000444347451435628,0.5,0.0,0.22944444444444442
decreased,0.2231308468893156,0.45454545454545453,0.0,0.2472222222222222
constant/increased,0.0010606469758228597,0.5,0.125,0.21663492063492062
decreased,0.49754549102795625,0.0,0.5,0.22766666666666666
constant/increased,0.000996323854483412,0.5,0.125,0.23519047619047617
decreased,0.574972157824278,1.0,0.375,0.23155555555555551
constant/increased,0.0009037148849150385,0.5,0.25,0.2843333333333334
decreased,0.01771737975932742,0.0,0.0,0.26031746031746034
constant/increased,0.0019497691635848372,0.5,0.0,0.2351111111111111
decreased,0.6322913213175057,0.0,0.0,0.23444444444444443
constant/increased,0.541224122707966,0.0,0.625,0.28744444444444445
constant/increased,0.000909945569397107,0.5,0.0,0.22085714285714284
decreased,0.7595375673970317,0.0,0.0,0.28577777777777785
constant/increased,0.004456657277260379,0.5,0.125,0.2562222222222222
decreased,0.8277337220618659,0.26666666666666666,0.0,0.3124444444444444
constant/increased,0.0020089585531122326,0.5,0.125,0.25619047619047614
decreased,0.5331430587864567,0.0,0.375,0.315
constant/increased,0.0012805515643203055,0.5,0.0,0.24285714285714288
decreased,0.7569765932437011,0.4444444444444444,0.25,0.28200000000000003
constant/increased,0.0009279317229888624,0.5,0.125,0.22499999999999995
decreased,0.6123721667086848,0.0,0.125,0.21333333333333335
constant/increased,0.0004032371362351139,0.5,0.125,0.28044444444444444
decreased,0.45063602828385163,1.0,0.5,0.24911111111111106
constant/increased,0.0001469028710192547,0.5,0.125,0.24611111111111114
decreased,0.4665555240483676,0.23076923076923078,0.0,0.20244444444444443
constant/increased,0.00016742593681174321,0.5,0.0,0.2606349206349206
decreased,0.3788730415750281,0.0,0.0,0.15888888888888889
constant/increased,0.0005756203255352754,0.5,0.125,0.2192222222222222
decreased,0.4493584029770173,0.0,0.0,0.18288888888888888
constant/increased,0.00010611093153437566,0.5,0.0,0.24188888888888888
decreased,0.19225493568515498,0.0,0.125,0.22722222222222224
constant/increased,0.0017594904963933605,0.5,0.0,0.198
decreased,0.6171544791873265,0.25,0.0,0.3468888888888888
constant/increased,1.0,0.7857142857142857,0.0,0.2845079365079365
decreased,0.09113276617855648,0.7,0.0,0.25366666666666665
constant/increased,0.0011289535966389104,0.5,0.125,0.19585714285714287
decreased,0.5975321388215684,0.5,0.125,0.21633333333333335
constant/increased,0.027279391365653244,0.5,1.0,0.31630158730158725
decreased,0.9850271793771309,0.75,1.0,0.443968253968254
constant/increased,1.0695214222730067e-05,0.0,0.0,0.291
decreased,0.9081159657563139,0.1111111111111111,0.375,0.291
constant/increased,0.0024277095790851823,0.5,0.0,0.2616666666666666
decreased,0.9812481134975818,0.0,0.625,0.4562777777777777
constant/increased,0.0015124567743289733,0.5,0.125,0.2553333333333333
decreased,0.7199716302048668,0.0,0.375,0.2972222222222222
constant/increased,0.0008598898065009755,0.5,0.375,0.22599999999999998
decreased,0.7204844933395329,0.0,0.875,0.3537777777777778
constant/increased,0.00011356264603392259,0.5,0.0,0.24277777777777776
decreased,0.5470542183948014,0.0,0.0,0.24722222222222223
constant/increased,0.00022865286065462976,0.5,0.0,0.20430158730158732
decreased,0.3367469396496203,1.0,0.0,0.20755555555555555
constant/increased,0.0009401685657797166,0.5,0.0,0.2806349206349206
decreased,0.6769522618777586,0.25,0.125,0.26333333333333336
decreased,0.2924185736244373,0.3076923076923077,0.0,0.2588888888888889
constant/increased,0.000655208648442419,0.5,0.0,0.25119047619047613
decreased,0.38989916118103535,0.0,0.0,0.17944444444444443
constant/increased,0.00225329420244753,0.5,0.125,0.2221111111111111
decreased,0.02685060415840742,0.3076923076923077,0.375,0.2518888888888889
constant/increased,0.004399634205315137,0.5,0.375,0.24833333333333332
decreased,0.34344704876125665,0.25,0.0,0.2843333333333333
constant/increased,0.002794596179897724,0.5,0.0,0.2421904761904762
decreased,0.8120202722663461,0.2727272727272727,0.0,0.2872222222222222
constant/increased,9.43197692459042e-05,0.5,0.0,0.2098888888888889
decreased,0.2109389524360429,0.0,0.0,0.2068888888888889
constant/increased,0.005873259289420206,0.5,0.125,0.2913015873015873
decreased,0.9104058808367075,0.26666666666666666,0.0,0.3244444444444445
constant/increased,0.0050156219491788835,0.5,0.25,0.25012698412698414
decreased,0.8785912244867371,0.0,0.125,0.26766666666666666
constant/increased,5.815298475152292e-06,0.5,0.0,0.21944444444444444
decreased,0.06638215787640826,0.0,0.0,0.15244444444444444
constant/increased,0.013469017869164875,0.5,0.125,0.2794444444444445
decreased,0.547306920671668,0.26666666666666666,0.875,0.29466666666666674
constant/increased,0.0005298980818049128,0.5,0.125,0.20144444444444445
decreased,0.3985413143460655,0.25,0.375,0.26855555555555555
constant/increased,0.0018731911858533526,0.5,0.0,0.2284444444444444
decreased,0.43583344000207447,0.5,0.625,0.1963333333333333
constant/increased,0.0007951933579775755,0.5,0.0,0.23663492063492061
decreased,0.32527035169262103,0.26666666666666666,0.0,0.18511111111111112
constant/increased,0.0011995986406067103,0.5,0.125,0.22188888888888889
decreased,0.5601505059876933,0.0,0.375,0.21188888888888885
constant/increased,0.006632135554832629,0.5,0.125,0.2528571428571429
decreased,0.9451241198692585,0.0,0.625,0.38888888888888884
constant/increased,0.0017469451103067169,0.5,0.125,0.25055555555555553
decreased,0.6536422962131881,0.0,0.0,0.27144444444444443
constant/increased,0.7378904271034328,0.75,0.25,0.32535714285714284
constant/increased,0.0007159430590951042,0.5,0.0,0.24063492063492065
decreased,0.5101141703568407,1.0,0.25,0.2661111111111111
constant/increased,0.0010070065082431723,0.5,0.0,0.23999999999999996
decreased,0.7651569863511531,0.0,0.375,0.3304444444444445
constant/increased,0.0047910554845857255,0.5,0.25,0.2298888888888889
decreased,0.5217567035043877,0.0,0.25,0.24666666666666667
constant/increased,0.6088385557240706,0.5,1.0,0.256
decreased,0.6003313993611719,0.5,0.0,0.27066666666666667
constant/increased,3.2394791962107495e-05,0.5,0.125,0.1888888888888889
decreased,0.3459041793926306,0.0,0.0,0.20666666666666667
constant/increased,0.0030731393495786134,0.5,0.125,0.2667777777777778
decreased,0.8652331654373373,0.0,0.875,0.45377777777777784
decreased,0.003729464082794797,0.5,0.125,0.2556349206349206
decreased,0.6995319833588249,0.23076923076923078,0.625,0.33477777777777773
constant/increased,0.003244477284984913,0.5,0.0,0.2790793650793651
decreased,0.6212617620427877,0.26666666666666666,0.0,0.33555555555555555
constant/increased,0.0024214949693521937,0.0,0.625,0.20122222222222222
decreased,0.6330448914625273,0.9,0.625,0.30377777777777776
decreased,0.8943007530266863,0.0,0.625,0.30033333333333334
constant/increased,0.0017332089852358826,0.5,0.0,0.22377777777777774
decreased,0.5946345495730102,0.7777777777777778,0.0,0.26066666666666666
constant/increased,0.0010677422599711377,0.5,0.125,0.2511111111111111
decreased,0.5634519516360195,0.125,0.125,0.1918888888888889
constant/increased,0.0003140609937413318,0.5,0.0,0.22855555555555554
decreased,0.2575360811985936,0.0,0.0,0.199015873015873
decreased,0.0014038402362686843,0.5,0.0,0.2815555555555555
constant/increased,0.5259418205769238,1.0,0.375,0.266
constant/increased,4.4757020521758465e-05,0.5,0.0,0.21333333333333335
decreased,0.33046528059847574,0.125,0.0,0.1827777777777778
